<assessmentItem xmlns="http://www.imsglobal.org/xsd/imsqti_v2p0"
	xmlns:xsi="http://www.w3.org/2001/XMLSchema-instance"
	xsi:schemaLocation="http://www.imsglobal.org/xsd/imsqti_v2p0 imsqti_v2p0.xsd"
	identifier="5th2015-DM_CS-0010" title="Richard III (Take 3)" adaptive="false"
	timeDependent="false">
	    <responseDeclaration identifier="RESPONSE" cardinality="single" baseType="string">
        <correctResponse>
            <value>812</value>
        </correctResponse>
        <mapping defaultValue="0">
            <mapEntry mapKey="812" mappedValue="4" />
        </mapping>
    </responseDeclaration>
    <outcomeDeclaration identifier="SCORE" cardinality="single" baseType="float" />
    <stylesheet href="scip.css" type="text/css" />
    <itemBody>
        <div>
            <span class="class1">
                <span class="class2">Each of the smallest squares shown below has a perimeter of 20 centimeters.
                    <br />
                    <br />
                </span>
            </span>
            <div class="class3">
                <span class="class1">
                    <span class="class2">
                        <img src="images/1299312.jpg" width="246" height="240" alt="" />
                    </span>
                </span>
            </div>
            <span class="class1">
                <span class="class2">What is the perimeter, in centimeters, of the largest square shown?</span>
            </span>
            <textEntryInteraction responseIdentifier="RESPONSE" expectedLength="7" />
        </div>
    </itemBody>
    <responseProcessing template="http://www.imsglobal.org/question/qti_v2p1/rptemplates/map_response" />
</assessmentItem>