<?xml version="1.0" encoding="UTF-8" standalone="yes"?>
<manifest xmlns="http://www.imsglobal.org/xsd/imscp_v1p1">
    <resources>
        <resource identifier="5th2015-DM_CS-0010" type="imsqti_item_xmlv2p1" href="5th2015-DM_CS-0010.xml">
            <file href="5th2015-DM_CS-0010.xml"/>
            <file href="images/1299312.jpg"/>
            <dependency identifierref="scip.css"/>
        </resource>
        <resource identifier="scip.css" type="webcontent" href="scip.css">
            <file href="scip.css"/>
        </resource>
    </resources>
</manifest>
