<?xml version="1.0" encoding="UTF-8" standalone="yes"?>
<assessmentItem xmlns="http://www.imsglobal.org/xsd/apip/apipv1p0/qtiitem/imsqti_v2p2" xmlns:apip="http://www.imsglobal.org/xsd/apip/apipv1p0/imsapip_qtiv1p0" xmlns:ns3="http://www.w3.org/1999/xlink" xmlns:ns4="http://www.w3.org/1998/Math/MathML" xmlns:ns5="http://www.w3.org/2001/XInclude" xmlns:ns6="http://www.w3.org/2001/10/synthesis" xmlns:xi="http://www.w3.org/2001/XInclude" xmlns:xsi="http://www.w3.org/2001/XMLSchema-instance" xsi:schemaLocation="http://www.imsglobal.org/xsd/imsqti_v2p1  http://www.imsglobal.org/xsd/qti/qtiv2p1/imsqti_v2p1.xsd" adaptive="false" timeDependent="false" title="FINAL: Roosevelt&apos;s central idea MC" identifier="5th2015-MC_IW-8904">
    <responseDeclaration cardinality="single" identifier="RESPONSE" baseType="identifier">
        <correctResponse>
            <value>C</value>
        </correctResponse>
		<mapping defaultValue="0">
			<mapEntry mappedValue="1" mapKey="C"/>
		</mapping>
    </responseDeclaration>
    <outcomeDeclaration baseType="float" cardinality="single" identifier="SCORE"/>
    <itemBody id="content1">
<div class="row">
<div class="span6">
<div class="stimulus">
<div class="passage-scrolling">
<xi:include parse="xml" href="p847.xml"/></div>
</div>
</div>
<div class="span6">

        <div id="div1">
            <div id="prompt">
<p id="cde_77">What ₷ is the⁋ central $idea of Roosevelt’s speech? currency symbol 100₹ , volume integral ∰  , yen sign ¥ </p>
<p id="cde_i3760_199"/>
<choiceInteraction responseIdentifier="RESPONSE" maxChoices="1">
<simpleChoice identifier="A">
<div id="cde_i3760_6">
<table class="no-style" border="0" cellpadding="2" cellspacing="2" width="597" height="51" id="cde_i3760_171">
<tbody id="cde_i3760_169">
<tr id="cde_i3760_170">
<td align="left" id="cde_i3760_172">
<div id="cde_164">The economic recovery will require a joint effort between the people and their government.</div>
</td>
</tr>
</tbody>
</table>
</div>
</simpleChoice>
<simpleChoice identifier="B">
<div id="cde_i3760_7">
<table class="no-style" border="0" cellpadding="2" cellspacing="2" id="cde_i3760_175">
<tbody id="cde_i3760_173">
<tr id="cde_i3760_174">
<td align="left" id="cde_i3760_176">
<div id="cde_79">In recent years the economy has continued to improve with only a minimal setback in the last few months.
<div id="cde_63"/>
</div>
</td>
</tr>
</tbody>
</table>
</div>
</simpleChoice>
<simpleChoice identifier="C">
<div id="cde_i3760_8">
<table class="no-style" border="0" cellpadding="2" cellspacing="2" id="cde_i3760_179">
<tbody id="cde_i3760_177">
<tr id="cde_i3760_178">
<td align="left" id="cde_i3760_180">
<div id="cde_80">The best way for the government to help the economy recover is to provide jobs for the unemployed.
<div id="cde_64"/>
</div>
</td>
</tr>
</tbody>
</table>
</div>
</simpleChoice>
<simpleChoice identifier="D">
<div id="cde_i3760_9">
<div id="cde_i3760_181">
<table class="no-style" border="0" cellpadding="2" cellspacing="2" id="cde_i3760_184">
<tbody id="cde_i3760_182">
<tr id="cde_i3760_183">
<td align="left" id="cde_i3760_185">
<div id="cde_81">Private enterprise is responsible for the current problems in the economy and should take steps to ensure change.</div>
</td>
</tr>
</tbody>
</table>
</div>
<div id="draganddrop" class="LJWER89234GNDDFGHJT"/>
</div>
</simpleChoice>
</choiceInteraction>
</div>
<div id="cde_i3760_200"/>
        </div>
    
</div>
</div>
</itemBody>
 <responseProcessing template="http://www.imsglobal.org/question/qti_v2p1/rptemplates/match_correct" />
</assessmentItem>
