<?xml version="1.0" encoding="UTF-8" standalone="yes"?>
<manifest xmlns="http://www.imsglobal.org/xsd/imscp_v1p1">
    <resources>
        <resource identifier="5th2015-MC_IW-8888" type="imsqti_item_xmlv2p1" href="5th2015-MC_IW-8888.xml">
            <file href="5th2015-MC_IW-8888.xml"/>
            <file href="p847.xml"/>
            <dependency identifierref="5th2015-MC_IW-8888.css"/>
        </resource>
		<resource identifier="5th2015-MC_IW-8889" type="imsqti_item_xmlv2p1" href="5th2015-MC_IW-8889.xml">
            <file href="5th2015-MC_IW-8889.xml"/>
            <file href="p847.xml"/>
            <dependency identifierref="5th2015-MC_IW-8888.css"/>
        </resource>
		<resource identifier="5th2015-MC_IW-8890" type="imsqti_item_xmlv2p1" href="5th2015-MC_IW-8890.xml">
            <file href="5th2015-MC_IW-8888.xml"/>
            <file href="p847.xml"/>
            <dependency identifierref="5th2015-MC_IW-8888.css"/>
        </resource>
		<resource identifier="5th2015-MC_IW-8891" type="imsqti_item_xmlv2p1" href="5th2015-MC_IW-8891.xml">
            <file href="5th2015-MC_IW-8891.xml"/>
            <file href="p847.xml"/>
            <dependency identifierref="5th2015-MC_IW-8888.css"/>
        </resource>
		<resource identifier="5th2015-MC_IW-8892" type="imsqti_item_xmlv2p1" href="5th2015-MC_IW-8892.xml">
            <file href="5th2015-MC_IW-8892.xml"/>
            <file href="p847.xml"/>
            <dependency identifierref="5th2015-MC_IW-8888.css"/>
        </resource>
		<resource identifier="5th2015-MC_IW-8893" type="imsqti_item_xmlv2p1" href="5th2015-MC_IW-8893.xml">
            <file href="5th2015-MC_IW-8893.xml"/>
            <file href="p847.xml"/>
            <dependency identifierref="5th2015-MC_IW-8888.css"/>
        </resource>
		<resource identifier="5th2015-MC_IW-8894" type="imsqti_item_xmlv2p1" href="5th2015-MC_IW-8894.xml">
            <file href="5th2015-MC_IW-8894.xml"/>
            <file href="p847.xml"/>
            <dependency identifierref="5th2015-MC_IW-8888.css"/>
        </resource>
		<resource identifier="5th2015-MC_IW-8895" type="imsqti_item_xmlv2p1" href="5th2015-MC_IW-8895.xml">
            <file href="5th2015-MC_IW-8895.xml"/>
            <file href="p847.xml"/>
            <dependency identifierref="5th2015-MC_IW-8888.css"/>
        </resource>
		<resource identifier="5th2015-MC_IW-8896" type="imsqti_item_xmlv2p1" href="5th2015-MC_IW-8896.xml">
            <file href="5th2015-MC_IW-8896.xml"/>
            <file href="p847.xml"/>
            <dependency identifierref="5th2015-MC_IW-8888.css"/>
        </resource>
		<resource identifier="5th2015-MC_IW-8897" type="imsqti_item_xmlv2p1" href="5th2015-MC_IW-8897.xml">
            <file href="5th2015-MC_IW-8897.xml"/>
            <file href="p847.xml"/>
            <dependency identifierref="5th2015-MC_IW-8888.css"/>
        </resource>
		<resource identifier="5th2015-MC_IW-8898" type="imsqti_item_xmlv2p1" href="5th2015-MC_IW-8898.xml">
            <file href="5th2015-MC_IW-8898.xml"/>
            <file href="p847.xml"/>
            <dependency identifierref="5th2015-MC_IW-8888.css"/>
        </resource>
		<resource identifier="5th2015-MC_IW-8899" type="imsqti_item_xmlv2p1" href="5th2015-MC_IW-8899.xml">
            <file href="5th2015-MC_IW-8899.xml"/>
            <file href="p847.xml"/>
            <dependency identifierref="5th2015-MC_IW-8888.css"/>
        </resource>
		<resource identifier="5th2015-MC_IW-8900" type="imsqti_item_xmlv2p1" href="5th2015-MC_IW-8900.xml">
            <file href="5th2015-MC_IW-8900.xml"/>
            <file href="p847.xml"/>
            <dependency identifierref="5th2015-MC_IW-8888.css"/>
        </resource>
		
		<resource identifier="5th2015-MC_IW-8901" type="imsqti_item_xmlv2p1" href="5th2015-MC_IW-8901.xml">
            <file href="5th2015-MC_IW-8901.xml"/>
            <file href="p847.xml"/>
            <dependency identifierref="5th2015-MC_IW-8888.css"/>
        </resource>
		<resource identifier="5th2015-MC_IW-8902" type="imsqti_item_xmlv2p1" href="5th2015-MC_IW-8902.xml">
            <file href="5th2015-MC_IW-8902.xml"/>
            <file href="p847.xml"/>
            <dependency identifierref="5th2015-MC_IW-8888.css"/>
        </resource>
		<resource identifier="5th2015-MC_IW-8903" type="imsqti_item_xmlv2p1" href="5th2015-MC_IW-8903.xml">
            <file href="5th2015-MC_IW-8903.xml"/>
            <file href="p847.xml"/>
            <dependency identifierref="5th2015-MC_IW-8888.css"/>
        </resource>
		<resource identifier="5th2015-MC_IW-8904" type="imsqti_item_xmlv2p1" href="5th2015-MC_IW-8904.xml">
            <file href="5th2015-MC_IW-8904.xml"/>
            <file href="p847.xml"/>
            <dependency identifierref="5th2015-MC_IW-8888.css"/>
        </resource>
		<resource identifier="5th2015-MC_IW-8905" type="imsqti_item_xmlv2p1" href="5th2015-MC_IW-8905.xml">
            <file href="5th2015-MC_IW-8905.xml"/>
            <file href="p847.xml"/>
            <dependency identifierref="5th2015-MC_IW-8888.css"/>
        </resource>
		<resource identifier="5th2015-MC_IW-8906" type="imsqti_item_xmlv2p1" href="5th2015-MC_IW-8906.xml">
            <file href="5th2015-MC_IW-8906.xml"/>
            <file href="p847.xml"/>
            <dependency identifierref="5th2015-MC_IW-8888.css"/>
        </resource>
		<resource identifier="5th2015-MC_IW-8907" type="imsqti_item_xmlv2p1" href="5th2015-MC_IW-8907.xml">
            <file href="5th2015-MC_IW-8907.xml"/>
            <file href="p847.xml"/>
            <dependency identifierref="5th2015-MC_IW-8888.css"/>
        </resource>
		
        <resource identifier="5th2015-MC_IW-8888.css" type="webcontent" href="5th2015-MC_IW-8888.css">
            <file href="5th2015-MC_IW-8888.css"/>
        </resource>
        <resource identifier="p847" type="webcontent" href="p847.xml">
            <file href="p847.xml"/>
        </resource>
    </resources>
</manifest>
