{"guide":"791dd99a-4aa0-4df4-a36d-311c05867117","created_by":"1bd4fdbc-155f-472c-86ec-e7dccfc5990a","content":["{\"parent\":\"1. open item bank tile\",\"child\":[]}","{\"parent\":\"2. click on export icon\",\"child\":[]}"],"last_modified":"2015-07-20T06:06:31.521Z","is_deleted":false,"last_modified_by":"1bd4fdbc-155f-472c-86ec-e7dccfc5990a","created":"2015-07-20T06:06:31.177Z","name":"sis_import","tutorial":"ebb6dda0-f1c9-436b-a014-8ee1c451b138","edit":"","uuid":"9e043c19-8535-4545-b508-a22296b5159b","create_help":""}