{"guide":"43649f09-959c-4a94-b9df-23b5583a4b06","created_by":"1bd4fdbc-155f-472c-86ec-e7dccfc5990a","content":["{\"parent\":\"Import updated Welcome to UNITY \",\"child\":[\"To begin working, select a tile from the dashboard.\"]}","{\"parent\":\"If you're a student and need to take a test, click the Delivery tile.\",\"child\":[]}","{\"parent\":\"If you're a teacher or a school administrator, select a tile from the set available to you by default or add a tile by clicking Add Tile in the menu bar.\",\"child\":[\"For help on getting started, see the attached video.\"]}","{\"parent\":\"If you need help specific to a certain task, click the Help button while working on that tile.\",\"child\":[]}"],"last_modified":"2016-03-18T07:07:18.500+0000","is_deleted":false,"last_modified_by":"1bd4fdbc-155f-472c-86ec-e7dccfc5990a","created":"2015-11-11T06:43:59.671Z","name":"dashboard","tutorial":"39512346-0613-4012-a8a2-6c8dd49913ab","edit":"","uuid":"767cce9c-7786-429a-85ab-0c8a364e824d","create_help":""}f