<?xml version="1.0" encoding="UTF-8" standalone="yes"?>
<assessmentItem xmlns="http://www.imsglobal.org/xsd/apip/apipv1p0/qtiitem/imsqti_v2p2" xmlns:apip="http://www.imsglobal.org/xsd/apip/apipv1p0/imsapip_qtiv1p0" xmlns:ns3="http://www.w3.org/1999/xlink" xmlns:ns4="http://www.w3.org/1998/Math/MathML" xmlns:ns5="http://www.w3.org/2001/XInclude" xmlns:ns6="http://www.w3.org/2001/10/synthesis" xmlns:xi="http://www.w3.org/2001/XInclude" xmlns:xsi="http://www.w3.org/2001/XMLSchema-instance" xsi:schemaLocation="http://www.imsglobal.org/xsd/imsqti_v2p1  http://www.imsglobal.org/xsd/qti/qtiv2p1/imsqti_v2p1.xsd" adaptive="false" timeDependent="false" title="FINAL: Roosevelt&apos;s central idea ET" identifier="5th2015-DM_CS-0004">
    <responseDeclaration cardinality="single" identifier="RESPONSE" baseType="string"/>
    <outcomeDeclaration baseType="integer" cardinality="single" identifier="SCORE"/>
    <itemBody id="content1">
        <div id="div1">
            <div id="cde_1">Item body.</div>
<div id="cde_29"/>
<div id="cde_30">
<extendedTextInteraction responseIdentifier="RESPONSE" expectedLength="240"/>
</div>
        </div>
    </itemBody>
</assessmentItem>
