<?xml version="1.0" encoding="UTF-8"?>
<assessmentTest xmlns:xi="http://www.w3.org/2001/XInclude" xmlns:m="http://www.w3.org/1998/Math/MathML" xmlns:xlink="http://www.w3.org/1999/xlink" xmlns:xsi="http://www.w3.org/2001/XMLSchema-instance" xsi:schemaLocation="http://www.imsglobal.org/xsd/imsqti_v2p1 http://www.imsglobal.org/xsd/qti/qtiv2p1/imsqti_v2p1.xsd" identifier="RooseveltSet" title="Roosevelt Passage/Item Set" subject="English" grade="5" formId="RooseveltSet" timeLimit="0" itemStyles="">
  <testPart identifier="TestPart1" submissionMode="individual" navigationMode="linear">
    <assessmentSection identifier="S1" visible="true" title="Section 1">
      <assessmentItemRef identifier="5th2015-DM_CS-0010" href="5th2015-DM_CS-0010.xml"/>
      <assessmentItemRef identifier="5th2015-MC_IW-0017" href="5th2015-MC_IW-0017.xml"/>
      <assessmentItemRef identifier="5th2015-DM_CS-0002" href="5th2015-DM_CS-0002.xml"/>
      <assessmentItemRef identifier="5th2015-DM_CS-0004" href="5th2015-DM_CS-0004.xml"/>
    </assessmentSection>
  </testPart>
</assessmentTest>
