<?xml version="1.0" encoding="UTF-8" standalone="yes"?>
<manifest xmlns="http://www.imsglobal.org/xsd/imscp_v1p1">
    <resources>
        <resource identifier="5th2015-DM_CS-0010" type="imsqti_item_xmlv2p1" href="5th2015-DM_CS-0010.xml">
            <file href="5th2015-DM_CS-0010.xml"/>
            <file href="images/5th2015-DM_CS-0010_20150617_133023.jpg"/>
            <file href="images/5th2015-DM_CS-0010_20150617_133023_0.jpg"/>
            <dependency identifierref="5th2015-DM_CS-0010.css"/>
        </resource>
        <resource identifier="5th2015-DM_CS-0010.css" type="webcontent" href="5th2015-DM_CS-0010.css">
            <file href="5th2015-DM_CS-0010.css"/>
        </resource>
        <resource identifier="5th2015-MC_IW-0017" type="imsqti_item_xmlv2p1" href="5th2015-MC_IW-0017.xml">
            <file href="5th2015-MC_IW-0017.xml"/>
            <file href="p847.xml"/>
            <dependency identifierref="5th2015-MC_IW-0017.css"/>
        </resource>
        <resource identifier="5th2015-MC_IW-0017.css" type="webcontent" href="5th2015-MC_IW-0017.css">
            <file href="5th2015-MC_IW-0017.css"/>
        </resource>
        <resource identifier="p847" type="webcontent" href="p847.xml">
            <file href="p847.xml"/>
        </resource>
        <resource identifier="5th2015-DM_CS-0002" type="imsqti_item_xmlv2p1" href="5th2015-DM_CS-0002.xml">
            <file href="5th2015-DM_CS-0002.xml"/>
            <dependency identifierref="5th2015-DM_CS-0002.css"/>
        </resource>
        <resource identifier="5th2015-DM_CS-0002.css" type="webcontent" href="5th2015-DM_CS-0002.css">
            <file href="5th2015-DM_CS-0002.css"/>
        </resource>
        <resource identifier="5th2015-DM_CS-0004" type="imsqti_item_xmlv2p1" href="5th2015-DM_CS-0004.xml">
            <file href="5th2015-DM_CS-0004.xml"/>
            <dependency identifierref="5th2015-DM_CS-0004.css"/>
        </resource>
        <resource identifier="5th2015-DM_CS-0004.css" type="webcontent" href="5th2015-DM_CS-0004.css">
            <file href="5th2015-DM_CS-0004.css"/>
        </resource>
        <resource identifier="assessment.xml" type="imsqti_test_xmlv2p1" href="assessment.xml">
            <file href="assessment.xml"/>
            <dependency identifierref="5th2015-DM_CS-0010"/>
            <dependency identifierref="5th2015-MC_IW-0017"/>
            <dependency identifierref="5th2015-DM_CS-0002"/>
            <dependency identifierref="5th2015-DM_CS-0004"/>
        </resource>
    </resources>
</manifest>
