<?xml version="1.0" encoding="UTF-8"?>
<div xmlns="http://www.imsglobal.org/xsd/imsqti_v2p1" xmlns:xi="http://www.w3.org/2001/XInclude" xmlns:xsi="http://www.w3.org/2001/XMLSchema-instance" class="stimulus_content" xsi:schemaLocation="http://www.imsglobal.org/xsd/imsqti_v2p1 http://www.imsglobal.org/question/qtiv2p1pd2/xsd/imsqti_v2p1.xsd">

	  <div id="content">
         		
    <div id="psg_cde_p847_46">
<div id="psg_cde_p847_49">
<p id="psg_cde_17" style="text-align: center;"><b id="psg_cde_2">Fireside Chat 12: On the Recession <br />(April 14, 1938)</b></p>
<p id="psg_cde_18" style="text-align: center;"><b id="psg_cde_3">Franklin Delano Roosevelt</b></p>
</div>
<table border="0" cellpadding="0" cellspacing="0" id="psg_cde_13" width="538" height="557">
<tbody id="psg_cde_p847_47">
<tr id="psg_cde_4">
<td id="psg_cde_19" valign="top">1</td>
<td id="psg_cde_20" valign="top">&#160;</td>
<td id="psg_cde_21" valign="top">Five years ago we faced a very serious problem of economic and social recovery. For four and a half years that recovery proceeded apace. It is only in the past seven months that it has received a visible setback.</td>
</tr>
<tr id="psg_cde_5">
<td id="psg_cde_22" valign="top">2</td>
<td id="psg_cde_23" valign="top">&#160;</td>
<td id="psg_cde_24" valign="top">And it is only within the past two months, as we have waited patiently to see whether the forces of business itself would counteract it, that it has become apparent that government itself can no longer safely fail to take aggressive government steps to meet&#160;it.</td>
</tr>
<tr id="psg_cde_6">
<td id="psg_cde_25" valign="top">3</td>
<td id="psg_cde_26" valign="top">&#160;</td>
<td id="psg_cde_27" valign="top">This recession has not returned us to the disasters and suffering of the beginning of 1933. Your money in the bank is safe; farmers are no longer in deep distress and have greater purchasing power; dangers of security speculation have been minimized; national income is almost 50% higher than it was in 1932; and government has an established and accepted responsibility for relief.</td>
</tr>
<tr id="psg_cde_7">
<td id="psg_cde_28" valign="top">4</td>
<td id="psg_cde_29" valign="top">&#160;</td>
<td id="psg_cde_30" valign="top">But I know that many of you have lost your jobs or have seen your friends or members of your families lose their jobs, and I do not propose that the Government shall pretend not to see these things. I know that the effect of our present difficulties has been uneven; that they have affected some groups and some localities seriously but that they have been scarcely felt in others. But I conceive the first duty of government is to protect the economic welfare of all the people in all sections and in all groups. I said in my Message opening the last session of the Congress that if private enterprise did not provide jobs this spring, government would take up the slack&#8212;that I would not let the people down. We have all learned the lesson that government cannot afford to wait until it has lost the power to act&#160;.&#160;.&#160;.</td>
</tr>
<tr id="psg_cde_8">
<td id="psg_cde_31" valign="top">5</td>
<td id="psg_cde_32" valign="top">&#160;</td>
<td id="psg_cde_33" valign="top">I came to the conclusion that the present-day problem calls for action both by the Government and by the people, that we suffer primarily from a failure of consumer demand because of lack of buying power. Therefore it is up to us to create an economic upturn. &#8220;How and where can and should the Government help to start an (upward spiral) economic upturn?&#8221;.&#160;.&#160;.</td>
</tr>
<tr id="psg_cde_9">
<td id="psg_cde_34" valign="top">6</td>
<td id="psg_cde_35" valign="top">&#160;</td>
<td id="psg_cde_36" valign="top">First, I asked (Congress) for certain appropriations which are intended to keep the Government expenditures for work relief and similar purposes during the coming fiscal year that begins on the first of July, keep that going at the same rate of expenditure as at present&#160;.&#160;.&#160;.</td>
</tr>
<tr id="psg_cde_10">
<td id="psg_cde_37" valign="top">7</td>
<td id="psg_cde_38" valign="top">&#160;</td>
<td id="psg_cde_39" valign="top">Second, I told the Congress that the Administration proposes to make additional bank reserves available for the credit needs of the country&#160;.&#160;.&#160;.</td>
</tr>
<tr id="psg_cde_11">
<td id="psg_cde_40" valign="top">8</td>
<td id="psg_cde_41" valign="top">&#160;</td>
<td id="psg_cde_42" valign="top">This third proposal is to make definite additions to the purchasing power of the Nation by providing new work over and above the continuing of the old work&#160;.&#160;.&#160;.</td>
</tr>
<tr id="psg_cde_12">
<td id="psg_cde_43" valign="top">9</td>
<td id="psg_cde_44" valign="top">&#160;</td>
<td id="psg_cde_45" valign="top">I believe that we have been right in the course we have charted. To abandon our purpose of building a greater, a more stable and a more tolerant America would be to miss the tide and perhaps to miss the port. I propose to sail ahead. I feel sure that your hopes and I feel sure that your help are with me. For to reach a port, we must sail&#8212;sail, not lie at anchor, sail, not drift.</td>
</tr>
</tbody>
</table>
</div> 

      </div>
	
</div>